CourseNo,Language,TitleEN,TitleJA,Schedule,Classroom,Mode,Instructor,Credits,Links
JLP072,J,Special Japanese Kanji 2,日本語特別教育 漢字2,4/M,I-210,Face to Face,"MIYAMOTO, Mayu",1,
JLP073,J,Special Japanese Kanji 3,日本語特別教育 漢字3,4/M,"I-231,I-232",Face to Face,"SAKATA, Reiko/NISHINO, Ai",1,
JLP081,J,Special Japanese 1,日本語特別教育 1,"1/W,2/W,3/W,1/F,2/F,3/F","H-356,H-357",Face to Face,"KANAYAMA, Yasuko/OSAKI-WATANABE, Kumiko",4,
JLP082,J,Special Japanese 2,日本語特別教育 2,"1/W,2/W,3/W,1/F,2/F,3/F",I-210,Face to Face,"OZAWA, Ikumi/MIYAMOTO, Mayu/ITO, Mariko",3,
JLP083,J,Special Japanese 3,日本語特別教育 3,"1/W,2/W,3/W,1/F,2/F,3/F",H-103,Face to Face,"TAKEDA, Tomoko/KOMORI, Yuri/KUWANO, Sachiko",3,
JLP086,J,Vocabulary and Kanji for Intermediate Learners of Japanese 1,中級日本語学習者のための語彙・漢字1,4/M,H-373,Face to Face,"NOGUCHI, Fusae",1,
JLP087,J,Vocabulary and Kanji for Intermediate Learners of Japanese 2,中級日本語学習者のための語彙・漢字2,4/M,H-352,Face to Face,"KAWAUCHI, Miwa",1,
JLP088,J,Special Japanese: Research Writing,日本語特別教育：論文作成法,"4/M,5/M",H-375,Face to Face,"SAKURAGI, Tomomi",2,
GEX001,J,X: Introduction to Christianity,Ｘ：キリスト教概論,"5/TH,6/TH,7/TH",T-171,Face to Face,"UEKI, Ken",3,
GEX001,J,X: Introduction to Christianity,Ｘ：キリスト教概論,"3/M,3/W,3/F",H-323,Face to Face,"YAKIYAMA, Mariko",3,
GEX001,E,X: Introduction to Christianity,Ｘ：キリスト教概論,"*4/W,*4/F",H-353,Face to Face,"MCGLOTHLIN, Thomas Dwight",3,
GEH012,E,H1: Music and Society,Ｈ１：音楽と社会,"3/TU,2/TH,3/TH",H-125,Face to Face,"GILLAN, Matthew A.",3,
GEH024,E,H1: The World of Literature (English Literature),Ｈ１：文学の世界（英文学）,"*4/W,*4/F",H-305,Face to Face,"SIMONS, Christopher E. J.",3,
GEH033,E,H1: The World of Eastern Thought,Ｈ１：東洋思想の世界,"3/TU,2/TH,3/TH",T-171,Face to Face,"ESKILDSEN, Stephen Edward",3,
GEH051,J,H2: Behavioral Sciences and Humanistic Sciences (A),Ｈ２：行動の科学・人間性の科学（Ａ）,"*4/W,*4/F",T-171,Face to Face,"NAOI, Nozomi/CHAN, Christian/MIYAKAWA, Erika/NISHIMURA, Kaoru/SUDO, Mioko",3,
GES001,J,S1: Economy and Economics,Ｓ１：経済と経済学,"3/TU,2/TH,3/TH",H-224,Face to Face,"KAIZOJI, Taisei/INABA, Yushi",3,
GES009,J,S1: Debates in International Relations,Ｓ１：国際関係ディベート,"3/TU,2/TH,3/TH",H-375,Face to Face,"MORI, Katsuhiko/YOSHIKAWA, Motohide",3,
GES012,E,S1: Political Science (B),Ｓ１：政治学（Ｂ）,"*4/W,*4/F",H-259,Face to Face,"SUH, Jae-Jung",3,
GES014,E,S1: U.S. Presidential Elections and American Society,Ｓ１：米国大統領選挙とアメリカ社会,"3/TU,2/TH,3/TH",H-101,Face to Face,"ISHIO, Yoshito",3,
GES021,J,S1: Invitation to Constitutional Law,Ｓ１：憲法への誘い,"5/F,6/F,7/F",H-374,Face to Face,"AKIYAMA, Hajime",3,
GES028,J,S1: Social Media and Education,Ｓ１：ソーシャルメディアと教育,"3/M,3/W,3/F",I-106,Face to Face,"AOKI, Hiroyuki",3,
GES030,J,S1: Corporate Social Responsibility,Ｓ１：企業の社会的責任,"*4/W,*4/F",H-151,Face to Face,"YAMANE, Satoka",3,
GES032,J,S1: History,Ｓ１：歴史学,"3/TU,2/TH,3/TH",H-151,Face to Face,"TSUBAKIDA, Yukiko/OLAH, Csaba",3,
GES051,J,S2: Media and Cultural Signs,Ｓ２：メディアと記号,"3/TU,2/TH,3/TH",T-229,Face to Face,"AONUMA, Satoru",3,
GES052,E,S2: The World of Cultural Translation,Ｓ２：文化翻訳の世界,"*4/W,*4/F",H-323,Face to Face,"GARZA, James Michael",3,
GES053,E,"S2: Learning, Unlearning, and Knowing Others in the Information Age",Ｓ２： 情報化時代におけるラーニング・アンラーニングと他者理解,"3/TU,2/TH,3/TH",H-105,Face to Face,"HOWARD, Craig Dennis",3,
GES057,E,S2: Education Projects for Global and Social Change,Ｓ２：グローバル・社会変革のための教育プロジェクト,"*4/M,*4/TH",H-357,Face to Face,"DAWSON, Walter P.",3,
GES096,J,S2: Physical and Mental Wellbeing,Ｓ２：こころとからだの健康,"3/M,3/W,3/F",T-328,Face to Face,"SHIMIZU, Yasuo",3,
GEN001,J,N1: Life Science (A),Ｎ１：生命科学（Ａ）,"2/M,2/W,2/F",T-229,Face to Face,"WANG, Mu-Yun/AU YEUNG, Wan Kin/GOURAUD, Sabine Sandra Stephanie/KOSE, Hiroyuki",3,
GEN011,J,N1:World of Physics (A) - Scientific Thinking,Ｎ１：物理の世界（Ａ）- 科学的な考え方,"3/M,3/W,3/F",T-229,Face to Face,"HIRASHIMA, Dai/YAMAZAKI, Rekishu",3,
GEN013,J,N1: The Chemical Basis of Nature,Ｎ１：自然の化学的基礎,"3/TU,2/TH,3/TH",T-270,Face to Face,"KOBAYASHI, Junji/KUBO, Kenya/CHUN, Wang Jae",3,
GEN028,J,N2: Statistical Analysis in Society,Ｎ２： 社会における統計分析,"3/TU,2/TH,3/TH",T-328,Face to Face,"SHIMIZU, Yuji/OMORI, Sawa/MORIKI, Yoshie",3,
HPE001,J,Health Science,健康科学,5/M,"PEC1,PEC2",Face to Face,"SATO, Kaori",1,
HPE001,E,Health Science,健康科学,6/F,"PEC1,PEC2",Face to Face,"OGAWA, Tadayuki",1,
HPE001,J,Health Science,健康科学,5/W,"PEC1,PEC2",Face to Face,"TERADA, Kayo",1,
HPE001,J,Health Science,健康科学,4/M,"PEC1,PEC2",Face to Face,"SATO, Kaori",1,
HPE001,J,Health Science,健康科学,4/TH,"PEC1,PEC2",Face to Face,"TOYODA, Hayato",1,
HPE001,J,Health Science,健康科学,5/TH,"PEC1,PEC2",Face to Face,"TOYODA, Hayato",1,
HPE001,E,Health Science,健康科学,5/F,"PEC1,PEC2",Face to Face,"OGAWA, Tadayuki",1,
HPE003,J,Physical Education,体育理論,3/W,"PEC1,PEC2",Face to Face,"TERADA, Kayo",1,
HPE006,,Physical Education Exercise II,PE エクササイズⅡ,5/W,,Face to Face,"HASEGAWA, Ken",1/3,
HPE006,,Physical Education Exercise II,PE エクササイズⅡ,3/TU,,Face to Face,"HASEGAWA, Ken",1/3,
HPE006,,Physical Education Exercise II,PE エクササイズⅡ,3/TH,,Face to Face,"HIGASHIYAMA, Masao",1/3,
HPE006,,Physical Education Exercise II,PE エクササイズⅡ,5/TH,,Face to Face,"HIGASHIYAMA, Masao",1/3,
HPE006,,Physical Education Exercise II,PE エクササイズⅡ,6/TH,,Face to Face,"HIGASHIYAMA, Masao",1/3,
HPE007,,Physical Education Exercise III,PE エクササイズⅢ,4/M,,Face to Face,"HASEGAWA, Ken",1/3,
HPE007,,Physical Education Exercise III,PE エクササイズⅢ,2/M,,Face to Face,"HIGASHIYAMA, Masao",1/3,
HPE007,,Physical Education Exercise III,PE エクササイズⅢ,2/F,,Face to Face,"HOKARI, Minako",1/3,
HPE007,,Physical Education Exercise III,PE エクササイズⅢ,3/F,,Face to Face,"HOKARI, Minako",1/3,
HPE007,,Physical Education Exercise III,PE エクササイズⅢ,5/TH,,Face to Face,"GORAI, Asuka",1/3,
HPE007,,Physical Education Exercise III,PE エクササイズⅢ,5/M,,Face to Face,"HASEGAWA, Ken",1/3,
HPE007,,Physical Education Exercise III,PE エクササイズⅢ,4/TH,,Face to Face,"GORAI, Asuka",1/3,
HPE007,,Physical Education Exercise III,PE エクササイズⅢ,2/TU,,Face to Face,"HIGASHIYAMA, Masao",1/3,
HPE007,,Physical Education Exercise III,PE エクササイズⅢ,3/M,,Face to Face,"HIGASHIYAMA, Masao",1/3,
HPE007,,Physical Education Exercise III,PE エクササイズⅢ,2/TH,,Face to Face,"TERADA, Kayo",1/3,
HPE007,,Physical Education Exercise III,PE エクササイズⅢ,2/TU,,Face to Face,"GORAI, Asuka",1/3,
HPE007,,Physical Education Exercise III,PE エクササイズⅢ,5/TU,,Face to Face,"HIGASHIYAMA, Masao",1/3,
HPE007,,Physical Education Exercise III,PE エクササイズⅢ,3/TH,,Face to Face,"TERADA, Kayo",1/3,
HPE007,,Physical Education Exercise III,PE エクササイズⅢ,4/W,,Face to Face,"SATO, Kaori",1/3,
HPE007,,Physical Education Exercise III,PE エクササイズⅢ,2/W,,Face to Face,"HASEGAWA, Ken",1/3,
HPE007,,Physical Education Exercise III,PE エクササイズⅢ,5/F,,Face to Face,"GORAI, Asuka",1/3,
HPE007,,Physical Education Exercise III,PE エクササイズⅢ,3/F,,Face to Face,"GORAI, Asuka",1/3,
HPE007,,Physical Education Exercise III,PE エクササイズⅢ,5/F,,Face to Face,"HASEGAWA, Ken",1/3,
HPE007,,Physical Education Exercise III,PE エクササイズⅢ,5/M,,Face to Face,"KASAI, Hiromi",1/3,
HPE007,,Physical Education Exercise III,PE エクササイズⅢ,4/TH,,Face to Face,"TERADA, Kayo",1/3,
HPE007,,Physical Education Exercise III,PE エクササイズⅢ,4/F,,Face to Face,"HASEGAWA, Ken",1/3,
HPE007,,Physical Education Exercise III,PE エクササイズⅢ,3/W,,Face to Face,"HASEGAWA, Ken",1/3,
HPE007,,Physical Education Exercise III,PE エクササイズⅢ,5/TU,,Face to Face,"GORAI, Asuka",1/3,
HPE007,,Physical Education Exercise III,PE エクササイズⅢ,3/TU,,Face to Face,"HIGASHIYAMA, Masao",1/3,
HPE007,,Physical Education Exercise III,PE エクササイズⅢ,4/F,,Face to Face,"GORAI, Asuka",1/3,
HPE007,,Physical Education Exercise III,PE エクササイズⅢ,5/W,,Face to Face,"SATO, Kaori",1/3,
HPE007,,Physical Education Exercise III,PE エクササイズⅢ,4/M,,Face to Face,"KASAI, Hiromi",1/3,
HPE007,,Physical Education Exercise III,PE エクササイズⅢ,3/TU,,Face to Face,"SATO, Kaori",1/3,
HPE007,,Physical Education Exercise III,PE エクササイズⅢ,2/TH,,Face to Face,"GORAI, Asuka",1/3,
HPE007,,Physical Education Exercise III,PE エクササイズⅢ,5/TU,,Face to Face,"SATO, Kaori",1/3,
HPE010,,Team Sports I FLYING DISC,ティームスポーツ I,4/M,,Face to Face,"HONDA, Masakazu",1/3,
HPE010,,Team Sports I ULTIMATE FLYING DISC,ティームスポーツ I,5/M,,Face to Face,"HONDA, Masakazu",1/3,
HPE011,,Team Sports II BASKETBALL,ティームスポーツ II,6/M,,Face to Face,"HASEGAWA, Ken",1/3,
HPE011,,Team Sports II VOLLEYBALL,ティームスポーツ II,3/M,,Face to Face,"OKA, Yoshiro",1/3,
HPE011,,Team Sports II VOLLEYBALL,ティームスポーツ II,2/M,,Face to Face,"OKA, Yoshiro",1/3,
HPE011,,Team Sports II TEAM BUILDING,ティームスポーツ II,5/TU,,Face to Face,"GORAI, Asuka",1/3,
HPE012,,Beginning Dual Sports TABLE TENNIS,初級対人スポーツ,3/F,,Face to Face,"OKADA, Mitsuhiro",1/3,
HPE012,,Beginning Dual Sports BADMINTON,初級対人スポーツ,2/F,,Face to Face,"TERADA, Kayo",1/3,
HPE014,,Beginning Individual Sports SMART SWIMMING,初級個人スポーツ,3/F,,Face to Face,"SATO, Kaori",1/3,
HPE014,,Beginning Individual Sports SMART SWIMMING,初級個人スポーツ,3/W,,Face to Face,"SATO, Kaori",1/3,
HPE016,,Beginning Self Testing Activities PHYSICAL CONDITIONING,初級個人試技活動,3/F,,Face to Face,"TERADA, Kayo",1/3,
HPE016,,Beginning Self Testing Activities BOULDER,初級個人試技活動,2/TU,,Face to Face,"NISHITANI, Yoshiko",1/3,
HPE016,,Beginning Self Testing Activities ROPE CLIMBING,初級個人試技活動,1/TU,,Face to Face,"NISHITANI, Yoshiko",1/3,
HPE016,,Beginning Self Testing Activities ROPE CLIMBING,初級個人試技活動,3/F,,Face to Face,"HIGASHIYAMA, Masao",1/3,
HPE016,,Beginning Self Testing Activities BODY WORK,初級個人試技活動,3/W,,Face to Face,"NAKADA, Satoshi",1/3,
HPE018,,Beginning Combative Activities AIKIDO,初級格闘技,4/M,,Face to Face,"YAMAGUCHI, Michiru",1/3,
HPE018,,Beginning Combative Activities AIKIDO,初級格闘技,5/M,,Face to Face,"YAMAGUCHI, Michiru",1/3,
HPE018,,Beginning Combative Activities TAIKYOKUKEN,初級格闘技,2/W,,Face to Face,"KEZUKA, Mieko",1/3,
HPE018,,Beginning Combative Activities TAIKYOKUKEN,初級格闘技,3/W,,Face to Face,"KEZUKA, Mieko",1/3,
HPE021,,Beginning Rhythms and Dance SOCIAL DANCE,初級リズムダンス,2/TU,,Face to Face,"KAMATSUKA, Masanori",1/3,
HPE021,,Beginning Rhythms and Dance SOCIAL DANCE,初級リズムダンス,3/TU,,Face to Face,"KAMATSUKA, Masanori",1/3,
HPE021,,Beginning Rhythms and Dance HIP HOP,初級リズムダンス,2/W,,Face to Face,"KASAI, Hiromi",1/3,
HPE021,,Beginning Rhythms and Dance JAZZ DANCE,初級リズムダンス,3/W,,Face to Face,"KASAI, Hiromi",1/3,
HPE023,,Organized Games and Crafts RECREATION SPORTS,ゲームとクラフト,3/W,,Face to Face,"GORAI, Asuka",1/3,
HPE024,,Adapted Physical Education ADAPTED P.E.,アダプテッド体育,,,Face to Face,"TERADA, Kayo/HASEGAWA, Ken/SATO, Kaori/GORAI, Asuka/HIGASHIYAMA, Masao",1/3,
HPE025,,Introduction to Japanese Budo JAPANESE BUDO,武道入門,4/W,,Face to Face,"NAKADA, Satoshi",1/3,
HPE006,,Physical Education Exercise II,PE エクササイズⅡ,5/TU,,Face to Face,"HASEGAWA, Ken",1/3,
HPE007,,Physical Education Exercise III,PE エクササイズⅢ,4/W,,Face to Face,"GORAI, Asuka",1/3,
HPE007,,Physical Education Exercise III,PE エクササイズⅢ,5/F,,Face to Face,"SATO, Kaori",1/3,
HPE007,,Physical Education Exercise III,PE エクササイズⅢ,4/F,,Face to Face,"SATO, Kaori",1/3,
HPE007,,Physical Education Exercise III,PE エクササイズⅢ,2/W,,Face to Face,"SATO, Kaori",1/3,
HPE007,,Physical Education Exercise III,PE エクササイズⅢ,2/F,,Face to Face,"HIGASHIYAMA, Masao",1/3,
WAB103,O,Arabic III,アラビア語 III,"5/M,6/M,5/W,6/W,5/F,6/F",H-107,Face to Face,"ABUSINNA, Neama Emam Mohamed/KINOSHITA, Sotoku",4,
WBI101,O,Bahasa Indonesia for Beginners,入門 インドネシア語,"5/TH,6/TH,7/TH",H-260,Face to Face,"FURIHATA, Masashi",2,
WCN103,O,Chinese III,中国語 III,"1/TU,2/TU,3/TU,1/TH,2/TH,3/TH",I-103,Face to Face,"ZHAN, Haiyan/SHI, Huimei",4,
WCN103,O,Chinese III,中国語 III,"5/TU,6/TU,7/TU,5/TH,6/TH,7/TH",H-375,Face to Face,"QI, Hong/ZHAN, Haiyan",4,
WCN203,O,Advanced Chinese III,上級中国語 III,"1/TH,2/TH,3/TH",I-104,Face to Face,"QI, Hong",3,
WFR103,O,French III,フランス語 III,"5/TU,6/TU,5/W,6/W,5/F,6/F",H-373,Face to Face,"SHIRAISHI, Yoshiharu/DAIZEN, Mariko/DONATI, Jean-Alexis",4,
WFR103,O,French III,フランス語 III,"*4/M,*5/M,*4/TH,*5/TH",H-354,Face to Face,"BUREAU, Xavier/BELEC, Cedric",4,
WFR103,O,French III,フランス語 III,"1/TU,2/TU,3/TU,1/TH,2/TH,3/TH",H-357,Face to Face,"BELEC, Cedric/PIRIOU, Vincent N.",4,
WFR203,O,Advanced French III,上級フランス語Ⅲ,"5/W,6/W,7/W",H-356,Face to Face,"BELEC, Cedric",3,
WGR103,O,German III,ドイツ語 III,"5/M,6/M,7/M,5/W,6/W,7/W",H-108,Face to Face,"MINAMI, Harz/ENDO, Kosuke",4,
WGR203,O,Advanced German III,上級ドイツ語 III,"5/W,6/W,7/W",H-355,Face to Face,"BARTSCH, Josua",3,
WIT103,O,Italian III,イタリア語 III,"5/M,6/M,5/W,6/W,5/F,6/F",H-106A,Face to Face,"NAKAYA, Shinko/BUCCI, Concettina",4,
WKR103,O,Korean III,韓国語 III,"5/TU,6/TU,7/TU,5/TH,6/TH,7/TH",H-304,Face to Face,"KIM, Myeong-Hee/KIM, Sung Eun",4,
WKR103,O,Korean III,韓国語 III,"*4/W,*5/W,*4/F,*5/F",H-358,Face to Face,"KIM, Sung Eun/OHE, Hye-Gyeong",4,
WKR203,O,Advanced Korean III,上級韓国語 III,"5/W,6/W,7/W",H-354,Face to Face,"OHE, Hye-Gyeong",3,
WRU103,O,Russian III,ロシア語 III,"5/TU,6/TU,7/TU,5/TH,6/TH,7/TH",H-124,Face to Face,"FUKASAWA, Yoko/GOTO, Ksenia",4,
WSP103,O,Spanish III,スペイン語 III,"1/TU,2/TU,3/TU,1/TH,2/TH,3/TH",H-123,Face to Face,"NASU, Madori/QUINTERO GARCIA, Daniel",4,
WSP103,O,Spanish III,スペイン語 III,"*4/M,*5/M,*4/TH,*5/TH",H-355,Face to Face,"ROQUE DE HISHIYAMA, Adiene Susej/NASU, Madori",4,
WSP203,O,Advanced Spanish III,上級スペイン語 III,"5/M,6/M,7/M",H-373,Face to Face,"QUINTERO GARCIA, Daniel",3,
ELG201,E,Advanced English Studies: TOEFL,上級総合英語：TOEFL,"3/M,3/W",H-208,Face to Face,CASTELLANO Joachim E.,2,
ELG202,E,Advanced English Studies: IELTS,上級総合英語：IELTS,"1/W,1/F",H-201,Face to Face,"MOROOKA, Mari",2,
ELG203,E,Advanced English Studies: Presentation Skills,上級総合英語：プレゼンテーション・スキル,"3/M,3/W",H-252,Face to Face,"WILLIAMS, Miharu",2,
ELG204,E,English College Composition for JLP Track Students,JLP履修対象生のためのイングリッシュ・カレッジ・コンポジション,"*5/W,*5/F",,Face to Face,"WATANABE-KIM, Izumi",3,
ELG207,E,Advanced English Studies: Creative Writing,上級総合英語：クリエイティブ・ライティング,"1/M,1/W",H-204,Face to Face,"OKE, Alex",2,
TCP101,E,English Communication,英語コミュニケーション,"5/M,6/M",H-101,Face to Face,"MIYAHARA, Masuko",2,
TCP205,J,Teaching Methods in Mathematics (Sugaku-Ka) II,数学科教育法 II,"5/F,6/F",H-357,Face to Face,"MAKINAE, Naomichi",2,
TCP208,J,Teaching Methods in Natural Sciences (Rika) I,理科教育法 I,"2/SA,3/SA",T-113,Face to Face,"YOSHIDA, Miku",2,
TCP211,J,Teaching Methods in Natural Sciences (Rika) IV,理科教育法IV,"4/SA,5/SA",T-113,Face to Face,"HARAGUCHI, Rumi",2,
TCP243,J,Laboratory in Introduction to Earth Science,地球科学概論実習,"(4/TH,5/TH,6/TH,7/TH)",T-126,Face to Face,"HASEGAWA, Koichi",2,
TCP251,J,Introduction to Japanese History,日本史概論,"5/W,6/W",H-102,Face to Face,"MIYAZAWA, Eriko",2,
TCP261,J,Introduction to Social Welfare,社会福祉概論,"2/TH,3/TH",H-205,Face to Face,"MATSUMOTO, Sumiko",2,
SLR381,J,Special Studies in Service-Learning I,サービス・ラーニング特別研究 I,"5/TH,6/TH",H-107,Face to Face,"KURONUMA, Atsuko",2,
AMS201,E,Issues in American Society,アメリカの社会問題,"*4/M,*4/TH",H-151,Face to Face,"KIM, Allen",3,
ANT104,E,Approaches to Human Culture,文化へのアプローチ,"3/TU,2/TH,3/TH",H-223,Face to Face,"BROWN, Bernardo Enrique",3,
ANT201,J,Anthropology and Gender Studies,文化人類学とジェンダー研究,"*5/M,*5/TH",T-229,Face to Face,"KATO, Etsuko",3,
ANT202,E,Anthropology of Religion,宗教人類学,"*4/M,*4/TH",H-101,Face to Face,"BROWN, Bernardo Enrique",3,
ANT208,J,Readings in Anthropological Texts,人類学原書講読,"5/F,6/F",H-260,Face to Face,"TAKASAKI, Megumi",2,
ANT213,J,Qualitative Research Methods in Anthropology,人類学質的調査法,"*5/W,*5/F",T-270,Face to Face,"MORIKI, Yoshie",3,
ANT308,E,Special Topics in Anthropology,人類学特論,"1/M,1/W",H-123,Face to Face,"SAIT, Callan",2,
ARC102,J,Introduction to Western Art,西洋美術概論,"3/TU,2/TH,3/TH",H-358,Face to Face,"ITO, Aki",3,
ARC202,J,Art of the West in the 16th-18th Centuries,西洋近世美術,"1/TU,2/TU,1/TH",H-358,Face to Face,"ITO, Aki",3,
ARC207,J,Modern Art I,近代美術 I,"5/TU,6/TU,7/TU",H-151,Face to Face,"SATO, Marie",3,
ARC212,E,History of Japanese Art II,日本美術 II,"3/M,3/W,3/F",,Face to Face,TBA,3,
ARC303,J,Museum Practice,博物館実習,,AUTUMN RECESS,Face to Face,"FUKUNO, Akiko/GUSHIMA, Megumi",3,
ARC305,J,Museum Conservation,博物館資料保存論,"5/TU,6/TU",HACHIRO YUASA M,Face to Face,"SANO, Chie",2,
ARC306,J,Information and Communication Technologies in Museums,博物館情報・メディア論,"2/SA,3/SA",HACHIRO YUASA M,Face to Face,"KOBAYASHI, Tomoko/ARITA, Hiroyuki",2,
ARC307,J,Museum Exhibition,博物館展示論,"5/F,6/F",HACHIRO YUASA M,Face to Face,"OHASHI, Natsuko/FUKUNO, Akiko",2,
BIO101,J,Foundation of Biology,基礎生物学,"3/M,3/W",H-274,Face to Face,"WANG, Mu-Yun/KOSE, Hiroyuki/GOURAUD, Sabine Sandra Stephanie/HAYAMA, Ryosuke/AU YEUNG, Wan Kin",2,
BIO101,E,Foundation of Biology,基礎生物学,"5/W,5/F",T-328,Face to Face,"OKA, Yoshitaka",2,
BIO215,E,Ecology,生態学,"3/TU,3/TH",H-308,Face to Face,"WANG, Mu-Yun",2,
BIO222,J,Basic Concepts in Animal Developmental Biology,動物発生生物学概論,"1/TU,1/TH",H-351,Face to Face,"KOSE, Hiroyuki",2,
BIO312,E,Biochemistry,生化学,"2/M,2/W",H-351,Face to Face,"HAYAMA, Ryosuke",2,
BIO316,E,Practicum in Bioinformatics,情報生物学演習,"4/TH,(5/TH,6/TH)",T-113,Face to Face,"AU YEUNG, Wan Kin",2,
BIO323,E,Human Physiology,人体生理学,"3/TU,3/TH",T-112,Face to Face,"GOURAUD, Sabine Sandra Stephanie",2,
BIO383,E,Advanced Seminar in Biology III,生物学特別演習 III,"5/F,6/F",T-112,Face to Face,"HAYAMA, Ryosuke",2,
BUS102,E,Introduction to Business Administration,経営学序説,"3/TU,2/TH,3/TH",H-102,Face to Face,"KOO, Ja Seung",3,
BUS208,J,Marketing,マーケティング,"1/TU,2/TU,1/TH",T-171,Face to Face,"INABA, Yushi",3,
BUS209,E,Risk Management,リスクマネジメント論,"1/M,1/W,1/F",T-328,Face to Face,"KANEKO, Takuya",3,
BUS301,E,Business Organizations,経営組織論,"1/TU,2/TU",H-274,Face to Face,"KOO, Ja Seung",2,
BUS304,J,Corporate Finance and Valuation,企業財務と評価,"2/M,2/W,2/F",T-328,Face to Face,"KANEKO, Takuya",3,
BUS312,J,International Accounting,国際会計,"5/M,6/M,7/M",H-260,Face to Face,"TSUNOGAYA, Noriyuki",3,
CHM101,E,Concepts in Chemistry,化学概論,"3/TU,3/TH",H-260,Face to Face,"KOE, Julian R./KUBO, Kenya",2,
CHM101,J,Concepts in Chemistry,化学概論,"3/TU,3/TH",H-303,Face to Face,"TSUNODA, Makoto/TAKAHASHI, Masashi",2,
CHM212,J,Analytical Chemistry Laboratory,分析化学実験,"(4/M,5/M,6/M,7/M)",T-406,Face to Face,"KAWANO, Yasuro",2,
CHM231,J,Organic Chemistry I,有機化学 I,"1/F,2/F",H-302,Face to Face,"KOBAYASHI, Junji",2,
CHM232,J,Organic Chemistry Laboratory,有機化学実験,"(4/F,5/F,6/F,7/F)",T-406,Face to Face,"KOBAYASHI, Junji",2,
CHM311,J,Analytical Chemistry II,分析化学 II,"5/TU,6/TU",T-112,Face to Face,"MATSUO, Motoyuki",2,
CHM321,J,Inorganic Chemistry II,無機化学 II,"5/W,6/W",T-113,Face to Face,"KAWANO, Yasuro",2,
CHM342,J,Physical Chemistry III,物理化学 III,"1/TU,2/TU",T-112,Face to Face,"ENDO, Osamu",2,
CHM351,J,Advanced Laboratory in Chemistry I,化学特別実験 I,"(4/TH,5/TH,6/TH,7/TH)",T-406,Face to Face,"KAWANO, Yasuro",2,
DPS101,J,Introduction to Development Studies,開発学入門,"1/SA,2/SA,3/SA",H-125,Face to Face,"OMI, Kanako",3,
DPS203,J,Development Macroeconomics,開発のマクロ経済学,"4/W,4/F",I-132,Face to Face,"KONDO, Masanori",2,
ECO101,J,Principles of Macroeconomics,マクロ経済学原論,"*4/M,*4/TH",T-171,Face to Face,"KAIZOJI, Taisei",3,
ECO102,J,Principles of Microeconomics,ミクロ経済学原論,"3/M,3/W,3/F",H-353,Face to Face,"OGAWA, Akira",3,
ECO103,E,Statistics for Business and Economics,経済と経営のための統計学,"*4/W,*4/F",I-206,Face to Face,"HWANG, Insang",3,
ECO233,J,Intermediate Microeconomics I,中級ミクロ経済学 I,"2/M,2/W,2/F",H-352,Face to Face,"OGAWA, Akira",3,
ECO259,E,Financial Markets and Institutions,金融市場と金融機関,"*4/M,*4/TH",H-275,Face to Face,"MONTGOMERY, Heather A.",3,
ECO260,E,Public Economics,公共経済学,"*5/W,*5/F",H-274,Face to Face,"MARSZALEC, Daniel Janusz",3,
ECO311,E,Applied Econometrics,応用計量経済学,"*5/W,*5/F",I-104,Face to Face,"HWANG, Insang",3,
ECO360,J,Special Topics in Asian Economy,アジア経済特講,"5/M,6/M",T-249,Face to Face,"KONDO, Masanori",2,
ECO381,E,Advanced Studies in Economics I,経済学特別講義 I,"*5/M,*5/TH",H-356,Face to Face,"MONTGOMERY, Heather A.",3,
ECO384,J,Advanced Studies in International Economy II,国際経済特別研究 II,"5/W,5/F",I-132,Face to Face,"KONDO, Masanori",2,
EDU116,J,Principles of Teacher Education,教職原論,"5/M,6/M",H-205,Face to Face,"IWATA, Yasuyuki",2,
EDU117,J,Development and Education,開発と教育,"3/M,3/W,3/F",T-171,Face to Face,"NISHIMURA, Mikiko",3,
EDU118,J,Psychological Perspectives on Effective Teaching and Learning,効果的教育に向けた心理学的アプローチ,"*4/W,*4/F",T-328,Face to Face,"SHIMIZU, Yasuo",3,
EDU201,E,Theory and Practice of Online Learning,オンライン学習の理論と実践,"2/M,2/W,2/F",H-123,Face to Face,"HOWARD, Craig Dennis",3,
EDU212,J,Curriculum and Instruction,カリキュラム論,"6/TH,7/TH",H-173,Face to Face,"MATSUO, Tetsuro",2,
EDU215,E,Fundamentals of Comparative and International Education,比較教育と国際教育の基礎,"5/W,6/W,7/W",H-105,Face to Face,"FUKUDA, Aya",3,
EDU218,J,Special Needs Education,特別支援教育論,"5/TU,6/TU",H-205,Face to Face,"HIRATA, Yukihiro",2,
EDU221,E,Education in Developing Nations,発展途上国における教育,"2/TH,3/TH",H-274,Face to Face,"DAWSON, Walter P.",2,
EDU309,J,Media Literacy,メディアリテラシー,"1/TU,2/TU,1/TH",H-276,Face to Face,"AOKI, Hiroyuki",3,
EDU333,J,Seminar for Teaching Professions,教職実践演習,"5/W,6/W",H-260,Face to Face,"OKAWA, Hiroshi",2,
ENV102,J,Environmental Science,環境科学,"4/M,4/TH",T-328,Face to Face,"FUJINUMA, Ryosuke",2,
ENV201,E,Field Study in Environmental Assessment,環境アセスメント実習,,SUMMER RECESS & AUTUMN RECESS,Face to Face,"FUJINUMA, Ryosuke/WANG, Mu-Yun",1,
ENV203,J,Environmental Education,環境教育学,"5/TH,6/TH",H-205,Face to Face,"NINOMIYA-LIM, Sachi/HAGIWARA, Go W.",2,
ENV301,J,Environmental Conservation,環境保全,"5/F,6/F",H-353,Face to Face,"TOBAI, Sadayosi",2,
ENV302,J,Environmental Toxicology,環境毒性学,"3/M,3/W",H-305,Face to Face,"FUJINUMA, Ryosuke",2,
GSS101,E,Approaches to Gender and Sexuality Studies,ジェンダー・セクシュアリティ研究へのアプローチ,"*4/M,*4/TH",T-229,Face to Face,"AMMOUR-MAYEUR, Olivier/SHIMABUKURO, Kairi",3,
GSS101,J,Approaches to Gender and Sexuality Studies,ジェンダー・セクシュアリティ研究へのアプローチ,"*4/W,*4/F",H-224,Face to Face,"KATO, Etsuko/NISHIMURA, Mikiko",3,
GSS201,E,Gender and International Relations,ジェンダーと国際関係,"1/SA,2/SA,3/SA",H-151,Face to Face,"KATO, Tamahi",3,
HST106,E,History of Japan (Modern) III,日本史（近代）III,"5/TH,6/TH,7/TH",H-274,Face to Face,"JACOBY, Julia Mariko",3,
HST222,J,History of Japanese Foreign Relations,日本対外関係史,"1/TU,2/TU,1/TH",H-102,Face to Face,"OLAH, Csaba",3,
HST224,E,Modern Japan and ICU,近代日本とICU,"5/TU,6/TU,7/TU",H-105,Face to Face,"KISHI, Yu",3,
HST234,J,History of Southeast Asia,東南アジア史,"5/F,6/F",H-324,Face to Face,"NEMOTO, Kei",2,
HST241,J,Cultural History of Europe,ヨーロッパ文化史,"*4/M,*4/TH",H-306,Face to Face,"NASU, Kei",3,
HST242,J,Economic History of Europe,ヨーロッパ経済史,"5/M,6/M",H-252,Face to Face,"KONISHI, Emi",2,
HST243,J,History of Eastern Europe,東欧史,"5/F,6/F",H-305,Face to Face,"SHINOHARA, Taku",2,
HST264,J,20th-century World History,20世紀世界史,"5/TU,6/TU",H-173,Face to Face,"SUZUKI, Kenta",2,
HST266,J,Reading Asia,アジアを読む,"5/W,6/W",H-176,Face to Face,"KIKUCHI, Hideaki",2,
HST273,E,History and Environment,歴史と環境,"*4/M,*4/TH",,Face to Face,"BORLAND, Janet Lorraine",3,
HST322,J,Advanced Studies in Early Modern Japanese History,近世日本史特別研究,"*5/M,*5/TH",,Face to Face,"TSUBAKIDA, Yukiko",3,
IRL102,E,Introduction to International Relations,国際関係学概論,"*4/M,*4/TH",H-173,Face to Face,"SHANI, Giorgiandrea",3,
IRL236,E,Politics and International Relations in Korea,朝鮮半島の政治と国際関係,"2/TH,3/TH",H-275,Face to Face,"SUH, Jae-Jung",2,
IRL239,E,Politics and International Relations in the Middle East,中東の政治と国際関係,"5/F,6/F",H-224,Face to Face,"IKEDA, Akifumi",2,
IRL385,E,Advanced Studies in Human Security,人間の安全保障特別研究,"5/TH,6/TH",H-176,Face to Face,"SHANI, Giorgiandrea",2,
IRL388,E,Advanced Studies in International Relations,国際関係学特別研究,"2/TH,3/TH",H-351,Face to Face,"SALTON, Herman",2,
ISC102,E,Elements of Discrete Mathematics,離散数学基礎,"2/TH,3/TH",I-212,Face to Face,"TANAKA, Hiroki",2,
ISC106,J,Laboratory in Information Science,情報科学実験,"5/TH,(6/TH,7/TH)",I-106,Face to Face,"KABURAGI, Takashi",2,
ISC212,J,Information Network Security,情報ネットワークセキュリティー,"5/W,(6/W,7/W)",I-206,Face to Face,"ISHIBASHI, Keisuke",2,
ISC225,J,Data Science Concepts,データサイエンス概念,"5/M,(6/M,7/M)",H-125,Face to Face,"ISHIBASHI, Keisuke",2,
ISC251,J,Multimedia Systems,マルチメディアシステム,"5/M,(6/M,7/M)",I-212,Face to Face,"OHTA, Keiji",2,
ISC313,E,Database Systems,デ一タベ一ス論,"5/TH,6/TH",I-212,Face to Face,"TANAKA, Hiroki",2,
ISC315,J,Senior Seminar in Information Science I,情報科学四年次セミナー I,"3/W,3/F",T-342,Face to Face,"KABURAGI, Takashi",2,
ISC342,J,Robotics,ロボット工学,"1/TH,2/TH,3/TH",H-103,Face to Face,"KABURAGI, Takashi",3,
JPS301,E,Japanese Environmental and Climate Policies,日本における環境保護及び気候変動政策,"2/TH,3/TH",H-354,Face to Face,"SABUNAS, Audrius",2,
LED102,J,Principles of Language Learning and Teaching,言語教授法原論,"3/M,3/W,3/F",H-223,Face to Face,"FUJII, Akiko/SHIROZA, Saran",3,
LED214,E,Pragmatics and Language Learning,言語学習における語用論,"2/M,2/W,2/F",T-112,Face to Face,"QUAY, Suzanne",3,
LED234,J,Teaching Methods in English (Eigo-Ka) II,英語科教育法 II,"2/M,2/W,2/F",H-102,Face to Face,"FUJII, Akiko",3,
LED273,J,Readings in Classical Japanese II,日本語古典講読 II,"5/F,6/F,7/F",H-101,Face to Face,"TACHIBANA, Kazuhisa",3,
LED275,J,Teaching Methods in Japanese (Kokugo-Ka) II,国語科教育法 II,"2/M,2/W,2/F",H-106A,Face to Face,"HANDA, Atsuko",3,
LED318,J,Materials and Curriculum Development,教材・カリキュラム開発,"2/M,2/W,2/F",H-104B,Face to Face,"CHUN, Sunyoung",3,
LED320,E,Research Methods in Language Education,言語教育研究法,"*5/W,*5/F",H-124,Face to Face,"MIYAHARA, Masuko/FUJII, Akiko",3,
LED331,J,History of the English Language II,英語史 II,"1/TU,2/TU,1/TH",H-106B,Face to Face,"SHIROZA, Saran",3,
LED357,J,The Teaching of Japanese as a Foreign Language II,外国語としての日本語教授法II,"1/M,1/W,1/F",H-102,Face to Face,"HANDA, Atsuko",3,
LED360,J,Topics in Japanese Language Acquisition,日本語習得における諸問題,"1/M,1/W,1/F",H-105,Face to Face,"CHUN, Sunyoung",3,
LAW101,J,Introduction to International Law,国際法概論,"*4/W,*4/F",T-229,Face to Face,"ARAKAKI, Osamu",3,
LAW205,J,Claims and Security Interest,債権総論・担保物権,"5/M,6/M",H-123,Face to Face,"KAMIGOCHI, Chikako",2,
LAW208,E,International Law I,国際法 I,"2/M,2/W,2/F",H-173,Face to Face,"ARAKAKI, Osamu",3,
LAW222,E,International Institutional Law,国際組織法,"1/TU,2/TU,1/TH",H-356,Face to Face,"AYCOCK, Brian",3,
LAW229,E,Constitutional Law II,憲法II,"5/M,6/M",H-105,Face to Face,"AKIYAMA, Hajime",2,
LAW316,E,International Criminal Law,国際刑事法,"2/M,2/W,2/F",H-301,Face to Face,"HASHIMOTO, Naoko",3,
LAW318,J,International Labor Law,国際労働法,"5/W,6/W",H-123,Face to Face,"KAMEDA, Koji",2,
LAW381,E,Advanced Studies in Legal Science I,法学特別研究 I,"*5/W,*5/F",T-249,Face to Face,"MATSUDA, Hiromichi",3,
LNG101,E,Introduction to Linguistics I,言語学入門 I,"*4/W,*4/F",H-101,Face to Face,"LEE, Seunghun",3,
LNG210,J,Lexical Studies,語彙の研究,"1/M,1/W,1/F",H-358,Face to Face,"MIZUTA, Yoko",3,
LNG214,E,Phonology,音韻論,"*5/W,*5/F",H-103,Face to Face,"LEE, Seunghun",3,
LNG215,J,Pragmatics,語用論,"2/M,2/W,2/F",H-358,Face to Face,"MIZUTA, Yoko",3,
LNG218,E,Sociolinguistics,社会言語学,"5/W,6/W,7/W",H-101,Face to Face,"EDA, Sanae",3,
LNG223,E,Experimental Linguistics,実験言語学,"3/TU,2/TH,3/TH",,Face to Face,"LEE, Seunghun",3,
LNG393,J,Advanced Studies in Linguistics II,言語学上級セミナー II,"5/M,6/M,7/M",H-304,Face to Face,"HWANG, Hyun Kyung",3,
LNG394,J,Advanced Studies in Linguistics III,言語学上級セミナー III,"5/TU,6/TU,7/TU",H-123,Face to Face,"ONO, Hajime",3,
LIT101,E,Approaches to Literature,文学へのアプローチ,"3/TU,2/TH,3/TH",H-304,Face to Face,"AMMOUR-MAYEUR, Olivier",3,
LIT107,J,History of English Literature II,英文学史 II,"1/SA,2/SA,3/SA",H-173,Face to Face,"SUGIMOTO, Bunshiro",3,
LIT113,J,Introduction to Japanese Literature II,日本文学概論 II,"2/M,2/W,2/F",H-308,Face to Face,"YASUHARA, Makoto",3,
LIT117,E,Modern Japanese Literature in English Translation,現代日本文学入門,"5/F,6/F,7/F",H-151,Face to Face,"MORRISON, Lindsay R.",3,
LIT213,J,Classical Literature III,西洋古典文学 III,"2/TH,3/TH",H-108,Face to Face,"FURUSAWA, Kano",2,
LIT218,J,Readings in Latin II,ラテン語講読 II,"5/W,6/W",,Face to Face,"SANO, Yoshinori",2,
LIT224,E,Modern English Literature,近代英文学,"1/TU,2/TU,3/TU",H-103,Face to Face,"MURAI, Mayako",3,
LIT230,E,Shakespeare II Performance,シェイクスピア II: パフォーマンス,"*5/W,*5/F",H-302,Face to Face,"SIMONS, Christopher E. J.",3,
LIT232,E,American Prose I,アメリカ散文 I,"3/TU,2/TH,3/TH",,Face to Face,"RAVENSCROFT, Claire",3,
LIT233,E,American Prose II,アメリカ散文 II,"*4/M,*4/TH",H-356,Face to Face,"RAVENSCROFT, Claire",3,
LIT248,O,"French Literature, Cinema, Thoughts II",フランス文学・映画・思想 II,"1/TU,2/TU,1/TH",T-343,Face to Face,"AMMOUR-MAYEUR, Olivier",3,
LIT264,J,Early Modern Japanese Literature,近世日本文学,"3/M,3/W,3/F",H-352,Face to Face,"YASUHARA, Makoto",3,
LIT271,J,World Literature I,世界の文学 I,"5/W,6/W,7/W",H-352,Face to Face,"MYOJO, Kiyoko",3,
LIT341,J,French Novel,フランス小説,"2/M,2/W,2/F",T-249,Face to Face,"CHIJIIWA, Yasuko",3,
LIT382,J,Advanced Studies in Japanese Literature I,日本文学特別研究 I,"*5/W,*5/F",H-104A,Face to Face,"SONOYAMA, Senri",3,
LIT384,J,Advanced Studies in Classics I,西洋古典文学特別研究 I,"5/M,6/M",,Face to Face,"SANO, Yoshinori",2,
MTH101,J,Calculus I,微分積分学Ⅰ,"1/TH,2/TH<6/M,7/M or 6/W,7/W>",H-324,Face to Face,"MARUYAMA, Fumitsuna/YAMAZAKI, Mitsuru",3,
MTH101,E,Calculus I,微分積分学Ⅰ,"2/TH,3/TH,(6/W,7/W)",H-259,Face to Face,"DOU, Xiaoling",3,
MTH103,E,Linear Algebra I,線形代数学 I,"5/W,6/W,(5/F,6/F)",H-303,Face to Face,"KOBAYASHI, Masato",3,
MTH212,J,Function Theory of One Complex Variable,1変数複素関数論,"5/TU,(6/TU,7/TU)",H-302,Face to Face,"NAKAISHI, Kentaro",2,
MTH251,E,Basic Concepts in Mathematics III (General Topology),数学通論 III（一般位相）,"5/F,(6/F,7/F)",H-259,Face to Face,"MATSUMURA, Tomoo/OKAMOTO, Yukihiro",2,
MTH272,J,Probability and Statistics,確率論と統計学,"1/TU,2/TU",H-302,Face to Face,"SHI, Shoi",2,
MTH384,E,Advanced Seminar in Mathematics III,数学特別演習 III,"6/SA,7/SA",T-112,Face to Face,"YAMAZAKI, Mitsuru",2,
MTH384,E,Advanced Seminar in Mathematics III,数学特別演習 III,"6/SA,7/SA",T-113,Face to Face,"MATSUMURA, Tomoo",2,
MTH388,J,Topics in Mathematics II,数学特論 II,"1/M,2/M",H-302,Face to Face,"MARUYAMA, Fumitsuna",2,
MTH389,E,Topics in Mathematics III,数学特論III,"4/W,4/F",H-302,Face to Face,"SHIMIZU, Yuji/MATSUMURA, Tomoo",2,
MCC107,E,Introduction to Interpreting,通訳入門,"5/TH,6/TH,7/TH",I-103,Face to Face,"TAMURA, Tomoko",3,
MCC211,E,Bilingualism and Multilingualism,バイリンガリズムとマルティリンガリズム,"5/M,6/M",H-224,Face to Face,"NAKAMURA, Keiko",2,
MCC232,E,Interpreting in Society,社会と通訳,"5/W,6/W,7/W",I-103,Face to Face,"TAMURA, Tomoko",3,
MCC252,J,Cultural Studies I,カルチュラル・スタディーズ I,"5/TU,6/TU,7/TU",T-171,Face to Face,"YAMAMOTO, Atsuhisa",3,
MCC253,J,Cultural Studies II,カルチュラル・スタディーズII,"2/M,2/W,2/F",T-270,Face to Face,"ARIMOTO, Takeshi",3,
MCC254,J,Documentary Film Making,ドキュメンタリー・フィルム制作,"5/TU,6/TU",H-101,Face to Face,"SHIOZAKI, Toshiko",2,
MCC271,J,Contemporary Praxes on Communication Study,現代コミュニケーション学,"5/M,6/M",T-328,Face to Face,"ITOH, Megu",2,
MCC273,E,Intercultural Communication,異文化コミュニケーション,"*4/M,*4/TH",H-205,Face to Face,"HONG, Seung Min",3,
MCC275,E,Communication Technology and Society,コミュニケーション・テクノロジーと社会,"*4/M,*4/TH",T-270,Face to Face,"TSE, Yu-Kei",3,
MCC311,J,Language and History,言語と歴史,"5/TU,6/TU",,Face to Face,"ARAI, Yukiyasu",2,
MCC351,J,Cultural Studies III,カルチュラル・スタディーズIII,"*5/W,*5/F",T-364,Face to Face,"ARIMOTO, Takeshi",3,
MCC381,E,Advanced Studies in Communication I,コミュニケーション論特別研究 I,"*5/W,*5/F",H-323,Face to Face,"HONG, Seung Min",3,
MCC385,E,Advanced Studies in Translation,翻訳特別研究,"2/M,2/W,2/F",H-274,Face to Face,"GARZA, James Michael",3,
MUS204,J,Introduction to Organ Music,オルガン音楽入門,"(5/F,6/F,7/F)",H-401,Face to Face,"KAN, Tetsuya",2,
MUS205,J,Studies in Musical Composition,作曲研究,"*5/W,*5/F",H-301,Face to Face,"SANO, Akitsugu",3,
MUS209,J,Introduction to Music Management,音楽マネージメント概論,"(5/M,6/M,7/M)",H-401,Face to Face,"KOIZUMI, Motohiro",2,
MUS210,E,Music and Religion,音楽と宗教,"*4/M,*4/TH",H-401,Face to Face,"GILLAN, Matthew A.",3,
MUS215,E,Studies in Music Performance II,音楽演奏研究 II,"1/TU,2/TU,3/TU",H-401,Face to Face,"NAKAMURA, Hitomi",3,
PHR108,J,Introduction to the Old Testament,旧約聖書学概論,"3/M,3/W,3/F",H-205,Face to Face,"RO, Johannes Unsok",3,
PHR112,J,Introduction to Ethics,倫理学概論,"3/TU,2/TH,3/TH",H-173,Face to Face,"TAMURA, Miki",3,
PHR225,J,New Testament Greek,新約ギリシア語,"*5/W,*5/F",H-275,Face to Face,"YAKIYAMA, Mariko",3,
PHR228,J,Late Modern Philosophy,後期近代哲学史,"*4/M,*4/TH",H-102,Face to Face,"TAMURA, Miki",3,
PHR236,J,Philosophy of Religion,宗教哲学,"5/TU,6/TU",H-275,Face to Face,"HIGAKI, Julie",2,
PHR320,E,Metaphysics,形而上学,"2/M,2/W,2/F",H-105,Face to Face,"YAJIMA, Naoki",3,
PHR323,E,Comparative Thought,比較思想,"2/M,2/W,2/F",H-275,Face to Face,"ESKILDSEN, Stephen Edward",3,
PHR337,E,Topics in Theology I,神学の諸問題 I,"*4/M,*4/TH",H-104A,Face to Face,"MCGLOTHLIN, Thomas Dwight",3,
PHR382,J,Seminar in Eastern Thought,東洋思想研究,"*4/TU,*4/TH",,Face to Face,"ESKILDSEN, Stephen Edward",3,
PHR383,J,Seminar in the History of Modern Philosophy,近代哲学史研究,"*4/W,*4/F",H-276,Face to Face,"YAJIMA, Naoki",3,
PHR385,E,Seminar in Systematic Theology,組織神学研究,"*4/TU,*4/TH",,Face to Face,"MCGLOTHLIN, Thomas Dwight",3,
PHY103,E,Foundation of Physics,基礎物理学,"3/M,3/W",H-351,Face to Face,"OKANO, Ken",2,
PHY104,J,Introduction to Physics Laboratory,初級物理学実験,"5/TH,(6/TH,7/TH)",T-166,Face to Face,"KAMATA, Masahiro/KAKINUMA, Toru",2,
PHY212,E,Mechanics,力学,"(1/TU,2/TU),2/TH,3/TH",T-113,Face to Face,"TEZUKA, Ayako/HITZER, Eckhard",3,
PHY242,J,Statistical Physics,統計物理学,"(5/TU,6/TU),5/TH,6/TH",T-250,Face to Face,"HIRASHIMA, Dai/SATOOKA, Junko",3,
PHY261,J,Laboratory in Computational Physics,計算物理学実習,"5/M,(6/M,7/M)",T-342,Face to Face,"TOMIYAMA, Manabu",2,
PHY383,E,Quantum Mechanics,量子力学,"5/W,6/W",T-250,Face to Face,"HITZER, Eckhard",2,
PHY387,J,Special Studies in Physics C,物理学特論 C,"6/SA,7/SA",T-250,Face to Face,"HIRASHIMA, Dai",2,
PHY387,J,Special Studies in Physics C,物理学特論 C,"6/SA,7/SA",T-342,Face to Face,"OKANO, Ken",2,
PHY387,J,Special Studies in Physics C,物理学特論 C,"6/SA,7/SA",T-343,Face to Face,"YAMAZAKI, Rekishu",2,
POL213,J,History of Western Political Thought III,西欧政治思想史 III,"5/F,6/F",H-375,Face to Face,"KIBE, Takashi",2,
POL216,J,History of Japanese Political Thought,日本政治思想史,"5/M,6/M",H-102,Face to Face,"OKUBO, Takeharu",2,
POL231,E,American Democracy in Comparative Perspective,アメリカ民主主義の国際比較,"*5/M,*5/TH",H-103,Face to Face,"COLLET, Christian",3,
POL232,J,Comparative Politics,比較政治学,"*4/M,*4/TH",H-351,Face to Face,"KOO, Yoojin",3,
POL381,E,Advanced Studies in Political Science I,政治学特別研究 I,"*5/W,*5/F",H-125,Face to Face,"KOO, Yoojin",3,
PSY211,E,History and Recent Trends in Psychology,心理学の歴史と動向,"*4/M,*4/TH",H-260,Face to Face,"CHAN, Christian",3,
PSY223,J,Psychological Statistics and Data Analysis,心理統計とデータ分析,"*4/M,*4/TH",I-106,Face to Face,"SUDO, Mioko",3,
PSY251,J,Psychology of Development,発達心理学,"2/M,2/W,2/F",T-171,Face to Face,"NAOI, Nozomi",3,
PSY262,E,Social Psychology,社会心理学,"*5/W,*5/F",H-173,Face to Face,"SUMLUT, Roi Sawm",3,
PSY272,J,Counseling,教育相談,"1/TU,2/TU",H-125,Face to Face,"NISHIMURA, Kaoru",2,
PSY322,J,Observation and Interview in Psychology,観察と面接法,"5/TH,6/TH",H-275,Face to Face,"NISHIMURA, Kaoru",2,
PSY364,J,Studies in Psychology of Organization Development,組織開発の心理学,"3/M,3/W",,Online,"MIYAKAWA, Erika",2,
PSY365,E,Studies in Social Psychology,社会心理学研究,"5/F,6/F",H-205,Face to Face,"KAVANAGH, Christopher Michael",2,
PPL102,E,Introduction to Foreign Policy,外交政策入門,"3/TU,2/TH,3/TH",,Online,"NAGY, Stephen R.",3,
PPL208,J,Mass Media and Public Policy,マスメディアと公共政策,"*5/W,*5/F",T-171,Face to Face,"FUJITANI, Takeshi",3,
PPL381,E,Advanced Studies in Public Policy I,公共政策特別研究 I,"1/TU,2/TU,1/TH",T-249,Face to Face,"PORTEUX, J. Nathaniel",3,
SOC102,J,Principles of Sociology,社会学原論,"5/W,6/W,7/W",T-229,Face to Face,"YATABE, Keisuke",3,
SOC103,E,Approaches to Sociological Research,社会学的研究へのアプローチ,"*4/M,*4/TH",H-223,Face to Face,"YAMAGUCHI, Tomiko",3,
SOC204,E,International Migration and Ethnicity,国際人口移動とエスニシティ,"*5/M,*5/TH",H-151,Face to Face,"KIM, Allen",3,
SOC206,J,Readings in Sociological Texts,社会学原書講読,"5/W,6/W,7/W",H-276,Face to Face,"NAKANO, Yuichi",3,
SOC207,E,Social Movements,社会運動論,"1/TU,2/TU,1/TH",H-105,Face to Face,"NA, Ildeung",3,
SOC306,J,Sociological Theories,社会学学説研究,"*5/M,*5/TH",H-352,Face to Face,"NA, Ildeung",3,
SOC307,J,Environmental Sociology,環境社会学,"5/W,6/W,7/W",H-351,Face to Face,"HAGIWARA, Yuki",3,
SOC308,E,Sociology of Organizations,組織社会学,"5/F,6/F,7/F",H-105,Face to Face,"SHIMAZOE, Junko",3,
MTH384,E,Advanced Seminar in Mathematics III,数学特別演習 III,"6/SA,7/SA",T-249,Face to Face,"DOU, Xiaoling",2,
POL385,E,Advanced Studies in Public Opinion and Survey Research,政治学・国際関係学における世論調査特別研究,"*4/M,*4/TH",H-104B,Face to Face,"COLLET, Christian",3,
POL234,E,Japanese Politics,日本の政治,"1/TU,2/TU,3/TU",H-205,Face to Face,"TSUDA, Taro",3,
AMS301,E,Special Topics in American Studies,アメリカ学特別研究,"*5/W,*5/F",H-308,Face to Face,"TONG, Kurt",3,
QAMT000,,Master Thesis,修士論文,,,,STAFF,0,
QALL401,E,Data Analysis for Researchers,研究者のためのデータ活用と分析,"5/W,6/W",I-212,Face to Face,"KAIZOJI, Taisei/AU YEUNG, Wan Kin",2,
QALL403,E,Writing for Researchers (English),研究者のための論文作成法(英語),"1/M,1/W","H-151,H-152,H-155,H-157,H-176",Face to Face,"KOBAYASHI, Yoko/EVANS, Simon/KITO, Kazuya/SMITH, Guy A./YOSHIDA, Takako",2,
QALL409,E,Academic English for Research (W),研究のためのアカデミック・イングリッシュ（W）,"1/M,1/W",H-153 ; (Enroll 10) Those who are selected by ELA Office and GSG can take this course.,Face to Face,"COUSINS, Emily Y.",2,
QEFD404,E,General Linguistics,一般言語学,"5/TH,6/TH,7/TH",H-104A,Face to Face,"ABE, Yuko",3,
QEFD411,J,Seminar in Social Psychology,社会心理学セミナー,"2/M,2/W,2/F",T-342,Face to Face,"MIYAKAWA, Erika",3,
QEFD422,J,Developmental Neuroscience Seminar,発達神経科学セミナー,"2/TH,3/TH",H-104B,Face to Face,"NAOI, Nozomi",2,
QEED515,E,Research on Education in Diverse Societies,多文化社会と教育研究,"5/TU,6/TU",H-103,Face to Face,"KOMURA, Kiriko",2,
QEED523,E,Practitioner Research- Instructional Design Cases,プラクティショナー・リサーチ インストラクショナルデザイン事例,"3/M,3/W",H-123,Face to Face,"HOWARD, Craig Dennis",2,
QEED526,J,Seminar in Philosophy of IB Education: MYP,IB教育哲学演習：MYP,"1/TU,2/TU",T-250,Face to Face,"KOMATSU, Maki",2,
QEED527,E,Seminar in Philosophy of IB Education: DP,IB教育哲学演習：DP,"5/F,6/F",T-113,Face to Face,"KOMATSU, Maki",2,
QEED528,E,Teaching Practicum in IB World School,IB認定校での教育実習,,,Face to Face,"FUJII, Akiko/KOMATSU, Maki",2,
QEED529,E,"Teaching, Learning and Assessment in the IB Programmes: MYP and DP",国際バカロレア教育における指導・学習・評価：MYPとDP,"2/W,2/F",H-106B,Face to Face,"KOMATSU, Maki",2,
QEPS503,J,Directed Research Seminar in Psychology II,心理学特別研究 II,"5/M,6/M",H-104A,Face to Face,"NAOI, Nozomi/NISHIMURA, Kaoru",1,
QEPS513,E,Social and Emotional Development,社会・情動発達,"5/W,6/W",H-104B,Face to Face,"SUDO, Mioko",2,
QEPS602,E,Directed Research Seminar in Psychology IV,心理学特別研究 IV,"5/M,6/M",T-343,Face to Face,"CHAN, Christian/SUDO, Mioko",1,
QELE506,E,Language Acquisition,言語習得論,"*4/W,*4/F",H-104A,Face to Face,"QUAY, Suzanne",3,
QELE510,J,Special Studies in Language Education,言語教育特別研究,"3/TU,2/TH,3/TH",H-106B,Face to Face,"SHIROZA, Saran",3,
QELE511,J,Studies in Japanese Language Education,日本語教育研究,"3/W,3/F",H-106A,Face to Face,"HANDA, Atsuko",2,
QELE514,J,Comparative Language Culture,比較言語文化論,"5/F,6/F",H-106B,Face to Face,"MATSUSHITA, Tatsuhiko",2,
QEMR603,,Research III,専門研究 III,"8/TU,8/W",,,STAFF,2,
QPFD401,E,Advanced Econometrics,上級計量経済学,"5/M,6/M",H-253,Face to Face,"INOUE, Tomoo",2,
QPFD408,E,Media and Power,メディアと権力,"5/M,6/M",T-270,Face to Face,"TSE, Yu-Kei",2,
QPFD412,E,Microeconomics,ミクロ経済学,"4/W,4/F",H-375,Face to Face,"MARSZALEC, Daniel Janusz",2,
QPFD419,E,Public Policy,公共政策論,"2/TH,3/TH",H-355,Face to Face,"ONO, Keiko",2,
QPFD436,E,"Development, Conflict and Peacebuilding",開発・紛争・平和構築,"5/M,6/M",H-176,Face to Face,"SHANI, Giorgiandrea",2,
QPPI513,E,Chinese Foreign Policy: From history to practice,中国外交：歴史から実践,"1/TU,2/TU",,Online,"NAGY, Stephen R.",2,
QPPI515,E,Law and Peace,法と平和,"4/W,4/F",T-249,Face to Face,"MATSUDA, Hiromichi",2,
QPPI516,E,International Organization and Peace,国際機構と平和,"5/F,6/F",T-229,Face to Face,"HASHIMOTO, Naoko",2,
QPPI523,E,The United Nations and Sustainable Development,国連と持続可能な開発,"2/TH,3/TH",H-107,Face to Face,"MORITA, Hiroko",2,
QPPI524,E,International Internship,国際インターンシップ,,,Face to Face,STAFF,2,
QPPI530,E,Multilateral Diplomacy,多国間外交,"1/TU,2/TU",H-104B,Face to Face,"SALTON, Herman",2,
QPPI605,E,Political Institutions,政治制度論,"5/W,6/W",T-342,Face to Face,"PORTEUX, J. Nathaniel",2,
QPSC504,E,Social and Cultural Analysis Special Course I,社会文化分析特講 I,"*5/M,*5/TH",H-357,Face to Face,"YAMAGUCHI, Tomiko",3,
QPML506,E,Sociolinguistics,社会言語学,"4/M,5/M",H-276,Face to Face,"FUJITA-ROUND, Sachiyo",2,
QPML510,J,Argumentation Theories,討議理論,"4/TH,5/TH",H-358,Face to Face,"AONUMA, Satoru",2,
QPPE523,E,Corporate Finance and Accounting II,企業財務会計論 II,"3/W,3/F",H-104B,Face to Face,"YAMANE, Satoka",2,
QPPS501,E,Global Issues,グローバル・イシュー,,,Face to Face,"SALTON, Herman",2,
QPMR603,,Research III,専門研究 III,"8/TU,8/W",,,STAFF,2,
QCFD411,J,Literature of the East I,東洋の文学 I,"2/W,3/W",H-104A,Face to Face,"SONOYAMA, Senri",2,
QCJC513,E,Topics in Japanese History II,日本史の諸問題 II,"6/M,7/M",,Face to Face,"BORLAND, Janet Lorraine",2,
QCAC514,J,Comparative Culture Research II,比較文化研究論 II,"4/M,5/M",H-124,Face to Face,"YAMANA, Junko",2,
QCAC516,E,Comparative Culture Research IV,比較文化研究論 IV,"2/TH,3/TH",H-106A,Face to Face,"RAVENSCROFT, Claire",2,
QCMR603,,Research III,専門研究 III,"8/TU,8/W",,,STAFF,2,
QCTS501,J,Transcultural Studies I,超学域文化論 I,"6/W,7/W",H-152,Face to Face,"YAKIYAMA, Mariko",2,
QCTS507,J,Gender and Literature,ジェンダーと文学,"5/TU,6/TU",H-208,Face to Face,"MURAI, Mayako",2,
QCTS512,J,Aspects of Western Religious Theories,西洋宗教理論の諸相,"5/F,6/F",H-104B,Face to Face,"RO, Johannes Unsok",2,
QCJC503,J,Japanese Culture III,日本文化論 III,"5/F,6/F",T-342,Face to Face,"TSUBAKIDA, Yukiko",2,
QNFD401,J,Frontiers in Scientific Research,先端科学研究,8/F,T-112,Face to Face,"ISHIBASHI, Keisuke",2,
QNFD404,E,Studies in Science Education,科学教育論,"4/TH,5/TH",T-342,Face to Face,"KOSE, Hiroyuki",2,
QNMC503,E,Advanced Studies in Computer Science,計算機科学特論,"2/M,3/M",T-113,Face to Face,"TANAKA, Hiroki",2,
QNMC507,E,Advanced Studies in Mathematics,数学特論,"4/M,5/M",T-113,Face to Face,"HARA, Wahei",2,
QNMC509,J,Data Science in the Finance,データサイエンスとファイナンス,,AUTUMN RECESS,Face to Face,"KITANO, Hiroaki/TAJIRI, Takao",2,
QNMS502,J,Quantum Information Science,量子情報科学,"2/TU,3/TU",H-104A,Face to Face,"YAMAZAKI, Rekishu/ISHIBASHI, Keisuke/KABURAGI, Takashi",2,
QNMS504,E,Concepts in Polymer Chemistry,高分子化学,"2/TU,2/TH",T-342,Face to Face,"KOE, Julian R.",2,
QNMS509,E,Physical Chemistry,物理化学,"2/W,3/W",H-307,Face to Face,"CHUN, Wang Jae",2,
QNMS512,E,Solid State Physics,物性物理学,"5/F,6/F",T-250,Face to Face,"HIRASHIMA, Dai",2,
QNLS504,E,Mechanisms of Environmental Diseases,環境疾患のメカニズム,"4/SA,5/SA",T-342,Face to Face,"GOURAUD, Sabine Sandra Stephanie",2,
QNLS505,E,Approaches in Experimental Science,実験科学の方法論,"2/SA,3/SA",T-250,Face to Face,"WANG, Mu-Yun",2,
QNMS515,E,Ecosystem Ecology,生態系生態学,"2/M,2/W",T-250,Face to Face,"FUJINUMA, Ryosuke",2,
QADT601,E,Techniques for Researchers I - Academic Presentations,研究者のための技法 I - アカデミック・プレゼンテーション,8/M,H-101,Face to Face,"DAWSON, Walter P./MONTGOMERY, Heather A./RO, Johannes Unsok/ISHIBASHI, Keisuke/ISHIO, Yoshito",2,
